No,Nama obat,Kandungan obat,Kegunaan obat,Dosis,Efek
1,Bintamox 500mg,Tiap kaplet mengandung Amoxicilin Trihydrate setara dengan Amoxicilin Anhydrate 500 mg,"Mengobati infeksi telinga tengah, radang tenggorokan, infeksi saluran pernafasan atas, infeksi saluran kemih, saluran cerna, kulit dan jaringan lunak.","Dewasa dan anak – anak dengan berat badan > 20kg : 250 – 500 mg tiap 8 jam. Anak – anak dengan berat badan < 20 kg : 20 – 40 mg/kg BB sehari dalam dosis terbagi tiap 8 jam . Untuk penderita dengan ganggu ginjal, perlu dilakukan pengurangan dosis. Pada penderita yang menerima dialisa peritoneal, dosis maksimum yang dianjurkan 500 mg/hari. Gonokokus uretritis : 3 g amoxicilin sebagai dosis tunggal. Anak – anak lebih dari 8 kg sebaiknya diberikan sediaan sirup kering.","Reaksi kepekaan seperti erthematosus maculopapular rashes, urtikaria, serum sickness. Reaksi kepekaan yang serius dan fatal adalah anafilksis terutama terjadi pada penderita yang hipersensitif terhadap penisilin. Gangguan saluran pencernaan seperti mual, muntah, diare.Reaksi – reaksi hematological (biasanya bersifat reversible)"
2,diabextrac,"Tiap kapsul mengandung Ekstrak daun mimba 100 mg, sambiloto 100 mg, daun sendokan 100 mg, daun sambung nyawa 50 mg, daun dewa 50 mg, daun tempuyung 50 mg, dan daun tapak liman 50 mg","digunakan untuk mengontrol kadar gula dalam darah. gejala buang air kecil terus-menerus, tubuh lemas, tangan dan kaki kesemutan","diminum sebelum makan malam, diminum 3kali sehari. Untuk aam lambung diminum 1 jam sebelum makan",
3,Amoxicilin,Tiap kaplet mengandung Amoxicillin Thrihydrate setara dengan Amoxicillin 500mg,"Infeksi yang disebabkan oleh strain – strain bakteri yang peka antara lain :  infeksi kulit dan jaringan lunak : Stafilokokus bukan penghasil penisilinase, Streptokokus, E. coli. Infeksi saluran pernafasan : H. Influenzae, Streptokokus, Strep. Pneumoniae, Stafilokokus bukan penghasil penisilinase, E. coli. Infeksi saluran genitourinari : E. coli, P. mirabilis dan Strep faecalis Gonore : N, Gonorrhoae (bukan penghasil penisilinase)","Dewasa dan anak – anak dengan berat badan > 20kg : 250 – 500 mg tiap 8 jam. Anak – anak dengan berat badan < 20 kg : 20 – 40 mg/kg BB sehari dalam dosis terbagi tiap 8 jam . Untuk penderita dengan ganggu ginjal, perlu dilakukan pengurangan dosis. Pada penderita yang menerima dialisa peritoneal, dosis maksimum yang dianjurkan 500 mg/hari. Gonokokus uretritis : 3 g amoxicilin sebagai dosis tunggal. Anak – anak lebih dari 8 kg sebaiknya diberikan sediaan sirup kering.","Reaksi kepekaan seperti erthematosus maculopapular rashes, urtikaria, serum sickness. Reaksi kepekaan yang serius dan fatal adalah anafilksis terutama terjadi pada penderita yang hipersensitif terhadap penisilin. Gangguan saluran pencernaan seperti mual, muntah, diare.Reaksi – reaksi hematological (biasanya bersifat reversible)"
4,topcilin,Tiap kaplet mengandung Amoxicillin Trihydrate setara dengan Amoxicillin Anhydrate  500 mg. Tiap 5mL sirup kering mengandung Amoxicillin Trihydrate setara dengan Amoxicillin Anhydrate  125 mg. Tiap 5mL sirup kering mengandung Amoxicillin Trihydrate setara dengan Amoxicillin Anhydrate  250 mg,"Meringankan rasa sakit pada keadaan sakit kepala, sakit gigi dan menurunkan demam.",Dewasa : 1-2 tahun kaplet 3-4 x sehari. Anak – anak : 6 – 12 tahun ½ - 1 kaplet 3 – 4 x sehari.,Penggunaan jangka lama dan dosis besar dapat menyebabkan kerusakan hati. Reaksi hipersensitif terhadap obat ini.
5,Paracetamol,Paracetamol 500 g,"Meringankan rasa sakit pada keadaan sakit kepala, sakit gigi dan menurunkan demam.",Dewasa : 1-2 tahun kaplet 3-4 x sehari. Anak – anak : 6 – 12 tahun ½ - 1 kaplet 3 – 4 x sehari.,Penggunaan jangka lama dan dosis besr dapat menyebabkan kerusakan hati. Reaksi hipersensitif terhadap obat ini.
6,Demacolin,"Tiap sendok takar ( 5 ml) sirup mengandung : Paracetemol 120 mg Pseudoephedrine HCl 7,5 mg Chloprheniramine maleate 1 mg","Infeksi yang disebabkan oleh strain – strain bakteri yang peka antara lain : Infeksi kulit dan jaringan lunak : Stafilokokus bukan penghasil penisilinase, Streptokokus, E. coli . Infeksi saluran pernafasan : H. Influenzae, Streptokokus, Strep. Pneumoniae, Stafilokokus bukan penghasil penisilinase, E. coli. Infeksi saluran genitourinari : E. coli, P. mirabilis dan Strep faecalis Gonore : N, Gonorrhoae (bukan penghasil penisilinase)","Dewasa dan anak – anak dengan berat badan > 20kg : 250 – 500 mg tiap 8 jam. Anak – anak dengan berat badan < 20 kg : 20 – 40 mg/kg BB sehari dalam dosis terbagi tiap 8 jam. Untuk penderita dengan ganggu ginjal, perlu dilakukan pengurangan dosis. Pada penderita yang menerima dialisa peritoneal, dosis maksimum yang dianjurkan 500 mg/hari. 
Gonokokus uretritis : 3 g amoxicilin sebagai dosis tunggal. Anak – anak lebih dari 8 kg sebaiknya diberikan sediaan sirup kering.","Reaksi kepekaan seperti erthematosus maculopapular rashes, urtikaria, serum sickness. Reaksi kepekaan yang serius dan fatal adalah anafilksis terutama terjadi pada penderita yang hipersensitif terhadap penisilin. Gangguan saluran pencernaan seperti mual, muntah, diare. Reaksi – reaksi hematological (biasanya bersifat reversible)"
7,Bronchitin,"Tiap 5 ml sirup mengandung : Paracetamol 120 mg Guanlfenesin 100 mg Phenylephrine 2,5 mg","Unutk sementara untuk meredakan gejala demam, hidung tersumbat, dan batuk berdahak.","Anak 6 – 12 tahun : 5 ml tiap 6 – 8 jam, maksimal 4 dosis dalam 24 jam . Anak mempunyai BB 15 – 30 kg : 5 ml tiap 6 – 8 jam, maksimal 4 dosis dalam 24 jam.","Mengantuk, jantung berdebar, mulut kering. Mual, muntah, nyeri kepala, gatal-gatal di kulit. Penggunaan paracetamol dosis besar dan jangka panjang dapat menyebabkan kerusakan hati."
8,Zemoxil,Tiap 5 ml sirup mengandung : Amoxicillin trihydrate yang setara dengan Amoxicillin 125 mg,"Infeksi yang disebabkan oleh strain – strain bakteri yang peka antara lain : Infeksi kulit dan jaringan lunak : Stafilokokus bukan penghasil penisilinase, Streptokokus, E. coli. Infeksi saluran pernafasan : H. Influenzae, Streptokokus, Strep. Pneumoniae, Stafilokokus bukan penghasil penisilinase, E. coli. Infeksi saluran genitourinari : E. coli, P. mirabilis dan Strep faecalis Gonore : N, Gonorrhoae (bukan penghasil penisilinase)","Dewasa dan anak – anak dengan berat badan > 20kg : 250 – 500 mg tiap 8 jam. Anak – anak dengan berat badan < 20 kg : 20 – 40 mg/kg BB sehari dalam dosis terbagi tiap 8 jam. Untuk penderita dengan ganggu ginjal, perlu dilakukan pengurangan dosis. Pada penderita yang menerima dialisa peritoneal, dosis maksimum yang dianjurkan 500 mg/hari. Gonokokus uretritis : 3 g amoxicilin sebagai dosis tunggal. Anak – anak lebih dari 8 kg sebaiknya diberikan sediaan sirup kering.","Reaksi kepekaan seperti erthematosus maculopapular rashes, urtikaria, serum sickness.Reaksi kepekaan yang serius dan fatal adalah anafilksis terutama terjadi pada penderita yang hipersensitif terhadap penisilin. Gangguan saluran pencernaan seperti mual, muntah, diare. Reaksi – reaksi hematological (biasanya bersifat reversible)"
9,Bufakris syrup,"Tiap sendok takar ( 5  mL) mengandung : Theophylline Anhydrat 43,33 mg Ephedrine HCl 4,17 mg",Untuk meringankan dan mengatasi serangan asma bronkial.,"Dewasa : 3 kali sehari 3 sendok takar ( 15 mL). Anak – anak 6 – 12 tahun : 3 kali sehari 1 ½ sendok takar ( 7,5 Ml)","Gasttrointestinal, misal : mual, muntah, diare. Sumsum saraf pusat misal : sakit kepala, insomnia. Kardiovaskuler, misal : palpitasi takikardi, aritmia ventikuler. Pernafasan, misalnya : fachypnea. Rash, hiperglikemi."
10,Neo Kaominal,Tiap 15 Ml ( 3 sendok takar ) suspensi mengandung : Kaolin 700 mg Pectin 66 mg,Untuk pengobatan simtomatik pada diare dimana tidak diketahiu penyebabnya dengan jelas,"6 – 12 tahu : 3 sendok takr ( 15 mL) setiap setelah buang air besar. Maksimum penggunaan 18 sendok takar ( 90 mL) dalam 24 jam. 12 tahun katas dan dewasa : 6 sendok takar ( 10 mL), setiap setelah buang air besar. Maksimum penggunan 36 sendok takar ( 180 mL) dalam 24 jam.",Konstipasi yang bersifat sementara.
11,Vosea Syrup,Tiap 5 mL sirup mengandung  : Metoclopramide HCl 5 mg,"Untuk sementara meredakan gejala demam, hidung tersumbat, dan batuk berdahak",Anak 6- 12 tahun : 5 mL tiap 6 – 8 jam maksimal 4 dosis dalam 24 jam . Anak 15 – 30 BB : 5 mL tiap 6 – 8 jam maksimal 4 dosis dalam 24 jam,"Gelisah, rasa kantuk, lelah, kurang bertenaga, mual, muntah, sakit kepala, kejang, sulit tidur (insomnia)"
12,Vialop,Tiap tablet salit selaput mengandung : Loperamide HCl 2 mg,Diare akut yang tidak diketahui penyebabnya dan diare kronik,"Diare akut ( non spesifik) dosis awal : 4 mg, diikuti 2 mg setiap selesai buang air besar. Dosis tidak boleh melebihi 16 mg sehari. Diare kronik. Dosis awal : 4 mg, diikuti 2 mg setiap slesai buang besar. Dosis tidak boleh melebihi 16 mg sehari. Pemberian harus diberhentikan apabila tidak ada perbaikan setelah 48 jam.","Flatulen, konstipasi, mual, muntal, nyeri abdomen. Reaksi hipersensitif termasuk kemerahan pada kulit. Letih, mengantuk, pusing, mengacolon toksik."
13,Loratadine,Tiap talet Loratadine mengandung Loratadine 10 mg,"Mengurangi gejala – gejalayang berkaitan ddengan rhinitis alergik, seperti bersin – bersin, pilek dan rasa gatal pada hidung, rasa gatal dan terbakar pada mata. Juga mengurangu gejala – gejala dengan tanda – tanda urtikaria kronik serta penyakit dermatologik alergi lain.","Usia lanjut, dewasa, anak usia 12 tahun atau lebih : 1 tablet ( 10 mg ) sehari.  Anak usia 2 – 12 tahun : BB lebih dari 30 kg : 10 mg sehari. BB kurang dari sama dengan 30 kg : 5 mg sehari. Khasiat dan keamanan penggunaan pada anak – anak usia dibawah 2 tahun belum terbukti.","Loratadine tidak memperlihatkan efek sedatif yang secara klinis bermakna pada pemberian dosis 10 mg sehari. Efek samping yang dilaporkan antara lain : lelah, sakit kepala, somnolensi, mulut kering, gangguan pencernaan, nausea, grastritis, dan gejala alergi yang menyerupai ruam. Pernah dilaporkan terjadinya alopecia, anafilaksis, dunsi hati abnormal dantakiaritmia supraventricular walaupun jarang terjadi."
14,Novamag,"Tiap 5 ml ( satu sendok takar ) suspensi mengandung :Dried Aluminium Hydroxide Gel 261,44 mg ( setara dengan Aluminium Hydroxide 200 mg ) Magnesium Hydroxide 200 mg Simethicone 20 mg","Untuk mengurangi gejala asam lambung, gastritis, tukak lambung, tukak usus 12 jari, dengan gejala – gejala seperti mual, nyeri lambung, nyeri uluh hati. Kram dan perih pada perut serta perut terasa kembung","Dewasa : 1 – 2 sendok takar ( 5 – 10 ml ) 3 – 4 x sehari. Anak usia 6 – 12 tahun : ½ - 1 sendok takar ( 2,5 – 5 ml ) 3 – 4 x sehari. Obat diminum 1 jam sebelum makan atau 2 jam setelah makan dan menjelang tidur.","Efek samping yang umum adalah sembelit, diare, mual, muntah, dan gejala – gejala tersebut akan hilang jika pemakaian oabt diberhentikan."
15,Lexacrol,Tiap tablet mengandung : Dried Aluminium Hydroxide gel 300 mg Magnesium Hidroxide 300 mg Simethicone 50 mg,"Untuk mengurangi gejala – gejala yang berhubungan dengan kelebihan asam lambung, tukak lambung, tukak usus 12 jari, dengan gejala – gejala seperti mual, kembung dan perasaan penuh pada lambung.","Dewasa : 1 – 2 sendok takar ( 5 – 10 ml ) 3 – 4 x sehari. Anak usia 6 – 12 tahun : ½ - 1 sendok takar ( 2,5 – 5 ml ) 3 – 4 x sehari. Obat diminum 1 jam sebelum makan atau 2 jam setelah makan dan menjelang tidur.","Umunya : konstipasi, diarrhoea, nausea dan vortinus, dan gejala – gejala ini akan hilang bila pemakaian obat diberhentikan."
16,Samtacid,"Tiap tablet mengandung : Dried Aluminium Hydroxide gel 261,44 mg ( setara dengan Alumunium Hydroxide ) 200 mg Magnesium Hidroxide 200 mg Simethicone 30 mg","Untuk mengurangi gejala – gejala yang berhubungan dengan kelebihan asam lambung, gastritis, tukak lambung, tukak usus 12 jari, dengan gejala – gejala seprti mual, nyeri lambung, nyeri uluh hati.","Dewasa : 1 – 2 sendok takar ( 5 – 10 ml ) 3 – 4 x sehari Anak usia 6 – 12 tahun : ½ - 1 sendok takar ( 2,5 – 5 ml ) 3 – 4 x sehari. Obat diminum 1 jam sebelum makan atau 2 jam setelah makan dan menjelang tidur.",Efek Samping yang mungkin timbul adalah: Penggunaan pada dosis tinggi dan jangka penggunaan yang panjang dapat menyebabkan gangguan fungsi ginjal.
17,Omegavit,"Tiap kapsul mengandung :Ferrous Furmarte 89,5 mg Manganese Sulphate 0,2  Copper Sulphate 0,2 mg Ascorbic Acid 50,0 mg Folic Acid 1,0 mg Cyanocobalamin 7,5 mcg","Anemia yang disebabkan kekurangan zat besi dan mineral, juga membantu proses pembentukan haemaglobin dan sel darah",1x sehari 1kapsul sesudah makan,"Pada beberapa orang dapat menimbulkan gejala seperti mual, nyeri di lambung,  muntah dan kadang kadang terjadi diare atau sulit buang air besar."
18,Fervital,"Ferrous Fumarate (=30 mg Fe) 91,5 mg 135 kkal Vitamin A Acetat 4000 IU 200 kkal Vitamin B2 10,4 mg 650 kkal Vitamin B6 HCl 2,08 mg 130 kkal Vitamin B12 5 mcg 210 kkal Nicotinamide 20,8 mg 140 kk Zinc Sulphate Monohydrate 1,56 mg 4 kkalal Copper Sulphate Anhydrate 1 mg 15 kkal Calcium D Panthothenate 6,24 mg 115 kkal Magnesium Oxide 1 mg 0 kkal Mangan Suphate Mono hydrate 1 mg 15 kkal","Unutk membantu memenuhi kebutuhan vitamin dan mineral terutama pada keadaan anemia karna kekurangan zat besi,",1 kali sehari 1 kapsul atau sesuai anjuran dokter,"Kadang terjadi nausea, nyeri lambung, diare dan kolik."
19,Grafachlor,"Tiap kaplet mengandung : Dexamethasone 0,5 mg Dexchlorphrniramine meleate 2 mg",Obat Grafachlor bermanfaat untuk mengatasi gejala alergi.,"Dewasa : 1 kaplet, diminum 3-4x sehari Anak usia 6-12 tahun: ½ kaplet, diminum 3-4 kali sehari. Anak usia 2-6 tahun: ¼ kaplet, diminum 3-4 kali sehari.","Efek samping penggunaan Grafachlor yang mungkin terjadi adalah: Gangguan saluran pencernaan, Mulut kering, Retensi cairan dan elektrolit, Reaksi metabolisme"
20,Rheumakap Phenylbutazone,Tiap kaplet mengandung phenyltutazone 200 mg,"Untuk ankyloksing spondylitis aktif, artritis gout akut, theumatoid aktif, oesteoarthritis akut, digunakan pada penderita dimana pengibatan lain termasuk NSAID lain tidak memberikan hasil.","Kondisi: Rematik Dosis dapat diberikan sampai dengan 600 mg per hari, dibagi dalam beberapa jadwal konsumsi. Dosis dapat dikurangi setelah 1–3 hari pengobatan. Waktu pengobatan maksimal 1 minggu. Kondisi: Penyakit Asam Urat (gout). Dosis dapat diberikan sampai dengan 800 mg per hari, sesuai kebutuhan pasien. Dosis dapat dikurangi setelah 1–3 hari pengobatan. Waktu pengobatan maksimal 1 minggu.","Ada beberapa efek samping yang dapat terjadi setelah mengonsumsi fenilbutazon, antara lain: Sakit Perut atau muntah, Heartburn, Diare atau konstipasi, kembung, Pusing, Kantuk. Lemas"
21,Renabetic,Tiap tablet mengandung Glibenclamide 5 mg,"digunakan untuk pengobatan diabetes. Dengan gejala buang air kecil terus-menerus, tubuh lemas, tangan dan kaki kesemutan","Harus dikonsumsi bersama makanan. Diminum bersama sarapan atau makanan utama pertama pada hari itu. Dewasa: 1/2 tablet per hari. Dosis dapat ditingkatkan 1/2 tablet perhari setiap kalinya dengan interval 3-5 hari sampai dengan kontrol metabolik tercapai. Dosis maksimal penggunaan maksimal 20 mg/hari. Usia lanjut, kerusakan fungsi ginjal dan hati: awal 1,25 mg/hari. Dosis > 10 mg/hari, sebaiknya diberikan dalam dosis terbagi.","gangguan gastrointestinal, reaksi hipersensitif"
22,Diaformin,Tiap kaplet lepas lambat mengandung: Metformin HCl 500 mg,"Diaformin XR yang di gunakan untuk mengontrol kadar gula dalam darah. gejala buang air kecil , tubuh lemas, tangan dan kaki kesemutan","Dosis Awal: di berikan dosis 1 kaplet / hari, di minum saat makan siang, dosis dapat di tingkatkan dengan peningkatan 1 tablet hingga Maksimal 2.000 mg / hari sesuai dengan respons. Pencegahan: di berikan dosis 1 kaplet / hari, di minum saat makan malam, secara bertahap tingkatkan dosis dengan jangka waktu 10-15 hari, menurut tanggapan. Maksimal: 2.000 mg / hari saat makan malam.","Efek samping penggunaan Diaformin XR yang mungkin terjadi adalah: Ketidaknyamanan dada, Jantung berdebar, Mual, muntah,nyeri perut, perut kembung, Mulas, sembelit, Sakit kepala, Mengantuk, Asidosis laktat"
23,Vosea tablet,Tiap tablet mengandung : Metoclopramide HCl,Mual muntah yang diinduksi obat radiasi atau yang terjadi pasca operasi. Meringankan atau mengurangi gastroparesis akut dan yang kambuhan dan menghilangkan rasa panas pada refluks esofagitis,"Dewasa dan Anak > 6 tahun : 1/2-1 tablet 3 kali/hari, maksimal : 0.5 mg/kg berat badan/hari dalam 3 dosis terbagi.  Anak < 6 tahun : maksimal 0.1 mg/kg berat badan 1 kali/hari.","diare, mengantuk, sembelit dan gejala ekstrapiramidal, gelisah dan lelah yang berlebihan, kadang terjadi agitasi, iritabilitas, urtikaria, mulut kering"
24,Ketoconazole,Tiap tablet mengandung ketoconazole,"infeksi jamur pada kulit, rambut dan mukosa yang disebabkan oleh dermatophyte dan/atau ragi ( dermatphytosis, pityriasis vercicolor pityrosporum, folliculitis, mucocutaneous candidiasis), biala infeksi ini tidak dapat diobati secara topikal karena tempat lesi tidak dipermukaan kulit atau kegagalan pada terapi lokal tidak diindikasikan unutk jamur  meningitis karena ketoconazole tidak menembus sawar darah otak dengan baik.","Dewasa : 200 mg 1 x sehari. Jika respon tidak ada, dapat ditingkatkan menjadi 400 mg.  Anak > 2 tahun : 3,3-6,6 mg/kg 1 x sehari. Sindrom Crushing: Dewasa dan anak > 12 tahun: Dosis awal 400-600 mg, dapat ditingkatkan 200 mg per hari.  Dosis pemeliharaan: 600-800 mg per hari (Max. 1200 mg per hari). Semua dosis diberikan dalam 2 atau 3 dosis terbagi.","Dispepsia, nausea, sakit perut dan diare, Sakit kepala, peningkatan enzim hati yang reversible, gangguan haid, dizziness, paraesthesia dan reaksi alergi. Thrombositopenia, allupesia, peningkatan tekanan “ intracranial pressure “ yang reversible ( seperti papiloedema, “ bulding fontanel” pada bayi). Impotensi ( sangat jarang ), Gynaecomastica dan oligospermia yang reversible bila dosis yang diberika lebih tinggi dari terapi yang dianjurkan,Hepatitis ( kemungkinan besar idiosinkrasi ) jarang terjadi ( terlihat dalam 1/12.000 penderita ), Reversible apabila pengobatan dihentikan pada waktunya."
25,CTM,Tiap tablet mengandung Chlorphemine maleate 4mg,"Untuk meringankan gejala alergi seperti pada rhintis, urtikaria, hay faver.",Dewasa : 3 – 4 x sehari 1 tablet Anak – anak 6 -12 tahun : 3 – 4 x sehari ½ tablet,"Mulut kering, Mengantuk, Pandangan kabur"
26,loratadine,Setiap tablet mengandung loratedine 10 mg,"Obat ini digunakan untuk meredakan gejala alergi seperti hay fever, urtikaria.","Dewasa dan anak usia lebih dari 12 tahun : 10 mg sekali sehari atau 5 mg dua kali sehari.  Anak usia 2-12 tahun : BB kurang dari 30 kg: 5 mg sekali sehari. BB lebih dari 30: 10 mg, sekali sehari.","Terdapat beberapa efek samping yang terjadi akibat penggunaan LORATADINE 10 MG TABLET, yaitu: Mengantuk, Kelelahan, Sakit kepala, Sakit perut, Insomnia, Mata, mulut dan tenggorokan terasa kering"
27,Molacort,Tiap tablet mengandung :,"Molacort digunakan untuk mengobati reaksi alergi, masalah pernapasan, gangguan usus tertentu, dan kanker tertentu, gangguan kelenjar adrenal (sindrom Cushing).","Dosis awal: 0.75- 9 mg perhari. Penyakit ringan: diberikan dosis < 0.75 mg, diminum 2-4 kali sehari. Penyakit berat: diberikan dosis > 9 mg, diminum 2-4 kali sehari.","Gangguan penglihatan, Nafsu makan meningkat, Pertumbuhan terlambat, Pembengkakan tungkai kaki, Tekanan darah tinggi, Tidak terjadinya menstruasi pada siklus bulanannya, Lemah otot."
28,Samcodin,"Chlorpheniramine Maleate 2 mg, Dextrometrophan 15 mg, Guaifenesin 100 mg.",Samcodin digunakan untuk mengatasi batuk dan mengencerkan dahak yang disebabkan alergi.,"Satu tablet diminum 3 kali sehari, diberikan sesudah makan","Efek samping yang dapat muncul selama penggunaan Samcodin adalah: Muntah, Diare, Nyeri perut, Mual, Rasa kantuk, Pusing,Sakit kepala, ruam"
29,Grantusif,Tiap kaplet mengandung : Dextromethorphan HBr 15 mg Guaifenesin 100 mg Diphenhydramine HCl 5 mg,Untuk mengobati batuk yang disertai alergi.,Dewasa dan anak > 12 tahun : 1 - 2 kaplet 1 x sehari Anak 6 – 12 tahun : ½ - 1 kaplet 3 x sehari,"Efek samping yang dapat timbul selama penggunaan Grantusif, antara lain:Mual, Sembelit, Mengantuk, Mulut terasa kering, pusing"
30,Dextral,Tiap kaplet salut selaput mengandung :Dextromethorphan HBr 10 mg Guaifenesin 50 mg Phenylpropanolamine 50 mg Chlorphenamine Maleate 1 mg,Untuk meringankan batuk dan pilek,Dewasa: 3 kali sehari 1 kaplet Anak-anak 6 – 12 tahun: 3 kali sehari ½ kaplet,"Obat ini dapat menyebabkan kantuk, gangguan pencernaan, gangguan psikomotor, takikardia, aritmia, mulut kering, palpitasi, retensi urine."
31,Selkom-c,"Tiap kapsul mengandung : Vitamin B1 10 mg, Vitamin B2 5 mg, Vitamin B6 5 mg, Vitamin B12 5 mcg, Nicotinamide 20 mg, Calcium Panthotenate 10 mg, Vitamin C 500 mg",Membantu memenuhi kebutuhan Vitamin B Kompleks dan Vitamin C. membantu menjaga daya tahan tubuh dan stamina.,1 – 2 x sehari 1 kapsul,Belum ada efek samping Selkom-C yang dilaporkan.
32,Benovit C,"Tiap tablet mengandung : Vitamin B1 10 mg, Vitamin B2 5 mg, Vitamin B6 5 mg, Vitamin B12 5 mcg, Nicotinamide 20 mg, Calcium Panthotenate 10 mg, Vitamin C 500 mg","Digunakan sebagain suplemen vitamin dan mineral dimana kebutuhan vitamin B, vitamin C, dan kalsium meningkat , seperti pada masa penyembuhan setelah sakit.","Dewasa : 1 kaplet salut gula per hari, atau menurut petunjuk dokter.",Belum ada efek samping Benovit3-C yang dilaporkan.
33,Imnusive for Adults,"Tiap kapsul mengandung : Vitamin zinc (Ascorbic Acid 97%) 250 mg Zinc Sulphate monohydrate ( yang setara dengan Zinc 10 mg ) 27, 5 mg Vitamin D3 400 IU","Supleen vitamin C, vitamin D dan Zinc unutk membantu memelihara kesehatan dan daya tahan tubuh.",1 x sehari 1 kapsul,Belum ada efek samping  Imnusive for Adults yang dilaporkan.
34,Allopurinol,Tiap tablet mengandung : Alloputinol 300 mg,"Hiperurisemia : gout  Hiperurisemia sekunder : Mencegah pengendapan asam urat dan kalsium oksalat, produksi berlebiha asam urat antara lain pada keganasan, polisitemia vera, terapi sitostatik.","Kondisi : asam urat atau gout Dewasa: Dosis awal 100 mg per hari. Dosis bisa ditingkatkan secara bertahap 200–300 mg per hari, Untuk kondisi berat, dosis awal 100 mg per hari yang akan ditingkatkan setiap minggu 400–600 mg per hari. Kondisi: Pengobatan batu ginjal  Dewasa: 200–300 mg dikonsumsi sebanyak 1–2 kali per hari. Kondisi: Hiperurisemia yang disebabkan oleh kemoterapi Dewasa: 600–800 mg per hari dikonsumsi sebanyak 1–2 kali per hari selama 2–3 hari sebelum menjalani kemoterapi. Anak-anak: 150–300 mg per hari selama 2–3 hari sebelum menjalani kemoterapi. Dosis maksimal 400 mg per hari.","Beberapa efek samping yang dapat terjadi setelah mengonsumsi allopurinol adalah: Mual , Sakit perut, Diare , Sakit kepala, Kantuk , Pusing, Nyeri sendi"
35,Simvastatin,Tiap kaplet salut selaput mengandung :  Simvastatin 10 mg,"Mengurangi kadar kolesterol total dan ldl pada penderita hiperkolesterolemia primer dan sekunder , meningkatkan kadar hdl",awal : 1 x 10 mg sehari sebagai anti hiperkolesterol ringan 5 mg sehari maksimal 40 mg seh,"nyeri abdomen, konstipasi, dan kembung"
36,Santibi Plus,"Tiap tablet mengandung :  etambutol HCl 250mg, isoniazid 100mg, vit B6 6mg.",tuberkulosis paru-paru yang diberikan bersama dengan obat antituberkulosis lainnya atau dalam hal resisten terhadap obat khusus lainnya,pengobatan awal: BB50kg 4 tablet dosis tunggal. pengobatan ulang: BB50kg 5-6tablet dosis tunggal.,"gatal kemerahan, mual, muntah, gangguan penglihatan, kesemutan dan rasa terbakar"
37,Rifampicin,Tiap kaplet mengandung :Rifamppicin 450 mg,"Mengobati TBC dengan gejala tubuh lemas nafsu makan menghilang, demam dan keringat dingin pada malam hari, batuk berdarah, kurang berenergi, rasa nyeri di dada, dan batuk berdahak dengan waktu yang berlangsung cukup lama yakni sekitar 21 hari, kusta, mencegah dan mengatasi infeksi bakteri N. meningitidis dan H. influenza tipe B (Hib).","Kondisi : Tuberkolosis   Dosis dewasa: 8–12 mg/kgBB per hari.Dosis maksimal bagi pasien dengan berat badan <50 kg adalah 450 mg per hari, sedangkan bagi pasien dengan berat ≥50 kg adalah 600 mg per hari. Dosis anak-anak: 10–20 mg/kgBB per hari. Dosis maksimal adalah 600 mg per hari. Kondisi: Infeksi bakteri meningitidis Dosis dewasa: 600 mg, 2 kali sehari, selama 2 hari.Dosis anak ≤1 bulan: 10 mg/kgBB, tiap 12 jam, selama 2 hari. Dosis anak >1 bulan: 20 mg/kgBB, tiap 12 jam, selama 2 hari. Kondisi: Kusta Dosis dewasa: 600 mg, sekali sebulan, selama 6–12 bulan. Dosis anak 10–14 tahun: 400 mg, 1 kali sebulan, selama 6–12 bulan. Dosis anak usia <10 tahun atau anak dengan berat badan <40 kg: 10 mg/kgBB, 1 kali sebulan, selama 6–12 bulan. Kondisi: Pencegahan dan pengobatan infeksi influenzae tipe B (Hib) Dosis dewasa: 600 mg per hari, selama 4 hari. Dosis anak-anak usia ≤1 bulan: 10 mg/kgBB per hari, selama 4 hari. Dosis anak-anak usia >1 bulan: 20 mg/kgBB per hari, selama 4 hari. Dosis maksimal adalah 600 mg/hari.","Gangguan saluran cerna, seperti mual, muntah, nyeri ulu hati, tidak nafsu makan, diare, radang usus . Ganguan pada fungsi hati, seperti hepatitis, penyakit kuning, hingga kerusakan hati Gangguan jantung, seperti gangguan irama jantung dan henti jantung Gangguan darah, seperti anemia hemolitik, turunnya kadar sel darah putih (leukopenia), atau trombositopen penia Gangguan pada ginjal, seperti penurunan jumlah urine Perubahan warna urine, keringat, atau air liur menjadi kuning, oranye, atau coklat"
38,Furosemide,Tiap tablet mengandung : Furosemide 40 mg,"Pengobatan edema yang menyertai payah jantung kongestif, sirosis hati dan gangguan ginjal termasuk sindrom nefrotik. Pengobatan hipertensi, baik diberikan dengan dosis tunggal atau kombinasi dengan obat antihipertensi. Furosemid sangat berguna untuk keadaan yang membutuhkan diuretik kuat. Pendukung diuresis yang dipaksakan pada keracunan.","Dewasa (1-2 kali sehari, 1-2 tablet) Untuk dosis pemeliharaan (1 tablet, 1 kali sehari) Dosis maksimum (sehari 5 tablet)","Gangguan saluran cerna minor, hipotensi ortostatik, pusing, dan sakit kepala"
39,Fargoxin,"Tiap tablet obat fargoxin mengandung 0,25 ml fargoxin",Gagal jantung kongestif akut. Takikardia supraventrikuler paroksismal.,"Dewasa : Untuk digitalisasi cepat (24-36 jam) : 4-6 tablet , kemudian 1 tablet pada interval tertentu sampai kompensasi tercapai. Untuk digitalisasi lambat (3-5 hari) : 2-3 tablet/hari dalam dosis terbagi. Pemeliharaan : 1-3 tablet/hari.  Anak : Untuk digitalisasi cepat : 25 mcg/kg berat badan dengan selang waktu tertentu sampai kompensasi tercapai. Pemeliharaan : 10-20 mcg/kg berat badan/hari. Prematur atau Bayi baru lahir sampai 1 bulan : Untuk digitalisasi : total dosis 0.02-0.035 mg/kg berat badan. Bayi 1 bulan-2 tahun : 0.035-0.06 mg/kg berat badan. Anak 2-5 tahun : 0.03-0.04 mg/kb berat badan. Anak 5-10 tahun : 0.02-0.035 mg/kg berat badan.  Anak > 10 tahun : dosis dewasa. Total dosis diberikan terbagi dalam 2 dosis atau lebih, tiap 6-8 jam. Umumnya dosis oral 0.01-0.02 mg/kg berat badan tiap 6 jam, sampai respon tercapai. Pemeliharaan : 1/5 atau 1/3 total dosisi digitalisasi, diberikan 1 kali/hari.","Gangguan SSP dan GI. Jarang : bingung, disorientasi, afasia, gangguan denyut jantung, konduksi, ritme, alergi kulit, ginekomastia"
40,Digoxin,"Tiap tablet mengandung digoxin 0,25 mg","Gangguan SSP dan GI. Jarang : bingung, disorientasi, afasia, gangguan denyut jantung, konduksi, ritme, alergi pada kulit dan gatal-gatal pada kulit, ginekomastia","Digitalisasi cepat (24-36jam) : 4-6tab, kemudian 1 tab pada interval tertentu sampai kompensasi tercapai.  Digitalisasi lambat ; (3-5 hari) : 2-6 tablet / hari dalam dosis terbagi. Terapi penunjang : 1-3 tablet / hari","Gangguan GI dan SSP (anoreksia, bingung, disorientasi, afasia, gangguan penglihatan) gangguan frekuensi, konduksi dan irama jantung. Reaksi alergi kulit (pruritus, urtikaria) dan ginekomastia"
41,Aminophylline,Tiap table mengandung  aminophyline 500 mg,Aminophylline memiliki kegunaan untuk meringankan dan mengatasi serangan asma bronchial.,"Sesak napas akut (intravena) Dosis pemuatan: diberikan dosis 5 mg / kg berat badan atau 250-500 mg melalui injeksi atau infus lambat. Dosis pemeliharaan: 0,5 mg / kg berat badan/ jam. Dosis maksimal: 25 mg / menit. Sesak napas kronis (Tablet) Dewasa: 225-450 mg, 2 kali sehari. Dosis dapat ditingkatkan jika diperlukan. Lansia: Dosis dikurangi dari dosis dewasa Anak-anak dengan berat badan lebih dari 40 kg: Dosis awal adalah 225 mg, 2 kali sehari. Setelah 1 minggu, dosis dapat ditingkatkan jika diperlukan hingga 450 mg, 2 kali sehari.","Gastrointestinal, misalnya : Mual, muntah, diare. Susunan saraf pusat, misalnya : Sakit kepala, insomnia. Kardiovaskuler, misalnya : Palpitasi (jantung berdebar-debar), takikardi (detak jantung lebih cepat), aritmia ventrikuler (masalah irama jantung). Pernafasan, misalnya : Tachypnea (pernapasan yang sangat cepat dan sering kali pendek). Rash (gatal), hiperglikemia (tingginya kadar gula dalam darah)."
42,Erphafillin,Tiap tablet mengandung erphafillin 500 mg,asma bronkial dan gangguan kekejangan bronki lainnya,"dewasa: awal 225-450mg, dapat ditingkatkan jika perlu. anak >3th: 12mg/kg sehari dapat meningkat menjadi 24mg/kg sehari dalam 2 dosis terbagi setelah 1 minggu","mual, muntah, sakit perut, diare, sakit kepala, insomnia, pusing, cemas, gelisah, tremor, palpitasi (detak jantung tidak normal)."
43,Dexycol,Tiap kapsul mengandung: Thiamphenicol 500 mg,Untuk infeksi-infeksi yang disebabkan oleh: Salmonella spp. H.influenzae (hanya infeksi meningeal). Ricketsia. Lymphogranuloma psithacosis. Gram negatif yang menyebabkan bakterisia meningitis. Untuk hepatobilier dan gonorhoeae.,Dewasa : 4 x 250 mg-500 mg/hari. Anak-anak : 25 mg-50 mg/kg BB/hari dibagi daiam 4 dosis,"Reaksi hipersensitivitas seperti: urtikaria pada anafilaksis. Gangguan hematopoietik yang biasanya reversible. Gangguan gastrointestinal seperti: mual, muntah dan diare. Sindroma Gray,terutama anemia plastik yang dapat menjadi serius dan fatal."
44,Arkavit C,TIAP KAPLET ARKAVIT-C MENGANDUNG: Vitamin B1 50 mg  Vitamin B2 25 mg  Vitamin B3 50 mg  Vitamin B5 20 mg  Vitamin B6 10 mg  Vitamin B12 5 mg  Vitamin C 500 mg,Membantu memenuhi kebutuhan vitamin B kompleks dan vitamin C pada keadaan setelah sakit. - Sebagai Pertahanan Tubuh dari Penyebab sakit (Sistem Imun) - Dapat juga digunakan untuk memelihara kesehatan.,Dewasa : 1-2 tablet sehari,-
45,Alvita,Tiap tablet mengandung : Methampyronum 500 mg. Thiamini hcl 50 mg. Pyridoxini hcl 10 mg. Cyanocobalaminum 10 mcg,Untuk meringankan rasa sakit yang berat yang disebabkan oleh neuritis dan neuralgia,"Dewasa : 1 kaplet 3 kali sehari, maksimum 4 kaplet sehari.","Reaksi hipersensitif : reaksi pada kulit, misalnya kemerahan serta Agranulositosis."
46,Bronex,Bromhexine HCl 8 mg,Bronex digunakan untuk mengencerkan dahak pada saluran pernapasan.,"Dewasa: 1-2 tablet, diminum 3 kali sehari. Anak-anak usia 2-5 tahun: 1 tablet per hari, dapat dibagi ke dalam 2-3 jadwal konsumsi. Anak-anak usia 6-11 tahun: 1/2-1 tablet, diminum 3 kali sehari. Anak-anak usia ≥ 12 tahun: Sama dengan dosis dewasa.","Efek samping penggunaan Bronex yang mungkin terjadi adalah: Pusing, Sakit kepala, Mual dan Perut kembung, Diare, Gatal, Ruam, Sesak napas, Angioedema (pembengkakan di bawah kulit)"
47,Bronsolvan,Theophylline,Meringankan dan mengatasi serangan asma bronkial,Dewasa : 3 x sehari 1 tablet ; Anak 6-12 tahun : 3 x sehari 1/2 - 1 tablet,"Mual, muntah, nyeri ulu hati, sakit kepala, iritasi, insomnia, palpitasi, takiaritmia, takipnea, ruam, hiperglikemia"
48,Cefadroxil,Cefadroxil 500 mg,"Mengatasi infeksi bakteri pada bagian tubuh, seperti kulit, tenggorokan, saluran kencing, dan jantung.","Dewasa: Dosis biasa: 1 atau 2 g setiap hari sebagai dosis tunggal atau dalam 2 dosis terbagi. Dosis individual berdasarkan kerentanan patogen, tingkat keparahan infeksi, dan status klinis pasien. Anak: 6 tahun Dosis anjuran: <40 kg: 30-50 mg/kg setiap hari sebagai dosis tunggal atau dalam 2 dosis terbagi. Maks: 100 mg/kg setiap hari. >40 kg: Sama seperti dosis dewasa. Faringitis streptokokus, Tonsilitis Dewasa: Untuk kasus yang disebabkan oleh galur Streptococcus pyogenes yang rentan (streptokokus -hemolitik grup A): 1 g sekali sehari atau 500 mg dua kali sehari selama setidaknya 10 hari. Anak: Dosis yang dianjurkan: <40 kg: 30 mg/kg setiap hari sebagai dosis tunggal atau dalam 2 dosis terbagi selama minimal 10 hari. Maks: 100 mg/kg setiap hari. >40 kg: Sama seperti dosis dewasa.","fek samping yang mungkin terjadi dalam penggunaan obat adalah: Signifikan: Reaksi hipersensitivitas, termasuk anafilaksis; Diare terkait Clostridium difficile. Gangguan sistem darah dan limfatik: Jarang, eosinofilia, neutropenia, trombositopenia, agranulositosis. Gangguan gastrointestinal: Diare, mual, muntah, dispepsia, sakit perut, glositis. Gangguan umum dan kondisi tempat pemberian: Jarang, demam. Gangguan sistem kekebalan: Jarang, reaksi seperti penyakit serum, edema angioneurotik. Pemeriksaan penunjang: Jarang, AST dan ALT sedikit meningkat. Gangguan muskuloskeletal dan jaringan ikat: Jarang, artralgia. Gangguan kulit dan jaringan subkutan: Ruam, pruritus, eksantema alergi, urtikaria. Berpotensi Fatal: Kolitis pseudomembran."
49,Damuvit,"vitamin B1 50mg, vitamin B6 10mg, vitamin B12 5mcg, vitamin B2 25mg, nicotinamide 100mg, Ca pantotenate 25mg, vitamin C 500mg, folic acid 0,5mg",mengatasi kekurangan vitamin B kompleks dan vitamin C,1 kaplet per hari,-
50,Dexacap,Tiap tablet DEXACAP® 25 mengandung : Captopril 25 mg.,Untuk pengobatan hipertensi sedang dan berat yang tidak dapat diatasi dengan pengobatan kombinasi lain. DEXACAP® dapat digunakan sendiri atau dalam kombinasi dengan obat antihipertensi lain terutama thiazide. Payah jantung yang tidak cukup responsif atau tidak dapat dikontrol dengan diuretik dan digitalis.,"Hipertensi : Dosis awal adalah 12,5-25 mg, 2-3 kali sehari. Bila setelah 2 minggu belum diperoleh penurunan tekanan darah, maka dosis dapat ditingkatkan sampai 50 mg, 2-3 kali sehari. Gagal jantung : Dosis awal adalah 25 mg 3 kali sehari, sebaiknya dimulai dengan 12,5 mg, 3 kali sehari.","Ruam kulit, gangguan pengekapsulan, neutropenia, proteinuria, sakit kepala, lelah/letih dan hipotensi."
51,Fasgo Forte,Paracetamol 650 mg,"Pengobatan untuk menurunkan demam serta meredakan sakit kepala, sakit gigi, nyeri otot dan sendi, artritis reumatoid, osteoartritis, nyeri haid dan nyeri yang berhubungan dengan trauma ringan (terpukul, terbentur, teriris, dan lainlain) dan prosedur pembedahan.",Dewasa atau anak usia diatas 12 tahun: 1 kaplet 3 kali sehari. Anak usia 5 – 12 tahun: 1/2 kaplet 3 kali sehari,"reaksi hematologi, reaksi kulit, dan reaksi alergi lainnya, kerusakan hati pada penggunaan jangka lama dan overdosis"
52,Farmoten,Captopril,HIpertendi dan Gagal jantung,"Hipertensi Dewasa Awal 12,5-25 mg, 2-3 kali/hari. HIpertensi ringan-sedang maksimal 150 mg/hari. HIpertensi berat maksimal 450 mg/hari. Gagal jantung 12,5-25 mg, 3 kali/hari.","Ruam, pruritus, wajah memerah, kehilangan presepsi pengecapan, proteinuria, batuk."
53,Graxine,Bromheksin HCl 8mg Gliceril guakolat 100mg,mukolitik dan ekspektoran,Dewasa dan anak >12tahun: 3 kali sehari 1 tablet,"mual, muntah, rasa penuh diperut, sakit kepala, vertigo, berkeringat banyak dan ruam kulit"
54,Gradine,Loratadine,"Mengurangi gejala-gejala berkaitan dengan rinitis alergi seperti bersin-bersin, pilek, dan rasa gatal pada hidung, rasa gatal dan terbakar pada mata",dewasa: 1 kali sehari 10mg atau 2 kali sehari setiap 12 jam 5mg. anak 2-5 tahun: 1 kali sehari 5mg.,"sakit kepala, mengantuk, lelah, sedasi, gugup, mengi, ISPA, mulut kering, radang tenggorokan, sakit perut, diare, gangguan gigi, sakit telinga, gejala influenza, ruam, stomatitis, konjungtivis, malaise"
55,Hufaneuron,Thiamine HCI 100 mg Pyridoxine HCI 200 mg Cyanocobalamin 200 mcg,"Untuk pengobatan kekurangan Vit B1, B6, dan B12 seperti pada beri-beri, polineuriti",1 x sehari 1 kaplet,-
56,Hufralgin,"Methampyron 500 mg, Thiamine HCL 50 mg, Pyridoxine HCL 100 mg, Cyanocobalamin 100 mcg","Meringankan rasa sakit yang disebabkan oleh neuritis dan neuralgia, terutama pada keadaan rasa sakit yang berat","3 kali sehari, 1 kaplet salut selaput",-
57,Isosorbide,Isosorbide Dinitrat,Untuk mencegah sakit di dada yang disebabkan oleh angina,"Serangan angina pektoris: 2,5-10 mg diletakan dibawah lidah (sublingual) atau sebagai tablet kunyah. Pencegahan: dosis dapat diulang tiap 2-3 jam. Pengobatan jangka panjang: 3 atau 4 kali sehari 10-20 mg. Mencegah serangan di malam hari: 1-2 tablet sebelum tidur.","Sakit kepala berdenyut, muka merah, pusing, hipotensi postural, takikardi (dapat terjadi bradikardi paradoksikal). Efek samping yang khas setelah injeksi meliputi hipotensi berat, mual dan muntah, diaforesis, kuatir, gelisah, kedutan otot, palpitasi, nyeri perut, sinkop, pemberian jangka panjang disertai dengan methemoglobinemia."
58,Kurkumex,"Per 2.5 mL Curcumae xanthorrizae rhizoma 50 mg, Zn 4.55 mg, lysine HCl 31.25 mg",Sebagai suplemen untuk membantu meningkatkan nafsu makan & selama masa pertumbuhan pada anak.,"Dewasa : 1 sendok teh 3x perhari. Anak 6-12 tahun ½ sendok teh 2x perhari, Anak 1-6 tahun ½ sendok teh 1x perhari.",-
59,Lanadexon,"Dexamethasone 0,5 mg.","Keadaan alergi, penyakit kolagen, rematik, leukemia, terapi syok, penyakit pernafasan, gangguan darah, keadaan edema (penimbunan cairan secara berlebihan di dalam jaringan tubuh).","Dewasa : 0,5-9 mg dalam dosis terbagi. Anak berusia 6-12 tahun : 2 kali sehari 0,25-2 mg. Anak berusia 1-5 tahun : 2 kali sehari 0,25-1 mg. Anak berusia 1 tahun atau kurang : 2 kali sehari 0,1-0,25 mg.","Osteonekrosis, lemah otot, gangguan pengelihatan, pertumbuhan terhambat, nafsu makan meningkat."
60,Lapisiv,"glyceryl guaiacolate 150mg, dextromethorphan HBr 10mg, diphenhydramine HCl 15mg.",untuk meringankan batuk dan flu yang disertai alergi,dewasa & anak >12 tahun: 3-4 kali sehari 1 tablet. anak 6-12 tahun: 3-4 kali sehari 1/4-1/2 tablet,"mengantuk, pusing, mulut kering, ruam kulit"
61,Lagesil,"Per tablet Simethicone 50 mg, Mg(OH)2 250 mg, Al(OH)3 250 mg.","Hiperasiditas lambung, ulkus peptik, kembung.","Dewasa : 3-4 x sehari 1 tablet, anak : 3-4 x sehari 1/2 tablet","Diare, konstipasi. Hipofosfatemia (penggunaan lama)"
62,Merislon,betahistine mesylate 6 mg,"mengurangi vertigo, pusing yang berhubungan dengan gangguan keseimbangan yang terjadi pada gangguan sirkulasi darah atau sindrom Meniere, penyakit Meniere dan vertigo perifer.",3 kali sehari 1-2 tablet,"mual, muntah, ruam pada kulit"
63,Mycostop,Griseofulvin,"Infeksi jamur pada kulit, rambut, dan kuku.",Dewasa : 1-2 gram/hari sebagai dosis tunggal atau dosis terbagi. Anak-anak : 10 mg/kg berat badan/hari dalam dosis terbagi. Lanjutkan pengobatan paling sedikit 2 minggu setelah gejala-gejala hilang.,"gangguan gastro intestinal, sakit kepala, sensitif terhadap cahaya, jarang angiodeama, lupus eritematosus sistemik dan reaksi kulit"
64,Novagesic,Paracetamol 500mg,"membantu meredakan sakit kepala, sakit gigi dan nyeri ringan serta demam",Dewasa atau anak > 12 tahun : 3 – 4 x sehari 1 caplet. Anak 5 – 12 tahun : 3 – 4 x sehari ½ caplet. Bila perlu obat diberikan setiap 4 jam atau menurut petunjuk dokter. Pemberian tidak lebih dari 5 x sehari.,-
65,Nilatika,metoclopramide 10mg,"mual dan muntah akibat intoleransi obat-obat tertentu, muntah akibat anestesia, muntah akibat radiasi dan setelah pembedahan, mempermudah intubasi saluran cerna","dewasa: 3 kali sehari 1/2-1 tablet. anak 6 tahun: 1kali sehari 0,1mg/kgBB","diare, mengantuk, sembelit, gejala ekstrapiramidal, gelisah, lelah, mulut kering, agitasi (rasa resah dan gelisah yang berlebih), urtikaria (reaksi alergi seperti gatal dan biduran)"
66,Osvion plus,"Vit C 10 mg, Vitamin E 10 mg, Vitamin D 400 iu, manganese sulphate 0.25 mg, Zn sulphate 2.5 mg, selenium 5 mcg, glucosamine 300 mg, MSM 200 mg, chondroitin sulphate 200 mg.","osteoartitis, kaku dan nyeri pada persendiaan, peradangan sendi",BB > 55 kg : 1 kaplet 3x sehari. BB < 55 kg : 1 kaplet 2 x sehari. Pemeliharaan : 1 kaplet 1x sehari,-
67,Omeric,Allopurinol 100 mg.,hiperurisemia primer (Gout).  hiperurisemia sekunder (mencegah pengendapan asam urat dan kalsium oksalat).,Dapat dikonsumsi setelah makan.,"Mual,Muntah,Lelah, Sakit kepala, Ruam kulit, Depresi, Diare, Vertigo, Mengantuk., Gangguan daya penglihatan"
68,Propanolol,Propanolol HCl 10 mg,"terapi hipertensi, angina, aritmia, pencegahan migrain","Dewasa dan anak > 12 tahun untuk hipertensi : 20 mg, 3-4 kali sehari; aritmia : 10-20 mg, 3-4 kali sehari; angina : 10-20 mg, 3-4 kali sehari; mencegah migrain : 40 mg,2-3 kali sehari. Anak-anak : aritmia : 0,5 mg/kgBB/hari dibagi 3-4 kali pemberian; hipertensi : 1-3 mg/kgBB/hari dibagi 3 kali pemberian.","lemah, lesu, mual, bradikardi (denyut jantung lebih lambat), konstipasi, diare"
69,Prix,Captopril 25 mg.,Menangani hipertensi dan gagal jantung.,"Hipertensi: Dosis awal 25-75 mg terbagi menjadi 2-3 dosis.  Gagal jantung: Dewasa: Dosis awal 6,25-12,5 mg dikonsumsi 2-3 kali sehari.","Mual dan muntah, Sakit perut, Pusing atau limbung, Batuk kering"
70,Primolut N,Norethisterone,"Pendarahan disfungsional, amenore primer dan sekunder, sindrom pra-menstruasi, mastopati siklik, pengaturan waktu menstruasi, endometriosis","Pendarahan disfungsional : 3 x sehari 1 tablet selama 10 hari, maksimal 30 hari ; Amenore primer dan sekunder : 1-2 x sehari 1 tablet selama 10 hari ; Untuk merangsang pendarahan siklus : 2 x sehari 1 tablet dimulai pada hari ke 16 sampai dengan 25 dari siklus menstruasi ; Sindrom pra-menstruasi : 1-3 x sehari 1 tablet selama fase luteal dari siklus ; Pengaturan Haid : 2-3 x sehari 1 tablet selama 10-14 hari dimulai 3 hari sebelum menstruasi yang diharapkan ; Endometriosis : dimulai pada hari 1 sampai dengan ke 5 dari siklus, dengan dosis 2 x sehari 1 tablet. pengobatan dapat dilanjutkan 4-6 bulan","Pendarahan uterus / vagina termasuk pendarahan bercak, hipomenore, amenore, sakit kepala, mual, edema"
71,Sturegon,cinnarizine 25mg,"gangguan keseimbangan, gangguan sirkulasi darah perifer & serebral",gangguan sirkulasi serebral & gangguan keseimbangan: 1 tablet 3x sehari ; gangguan sirkulasi perifer: 2 tablet 3x sehari,"gangguan gastrointestinal, penggunaan jangka lama pd usia lanjut muncul atau bertambahnya gejala ekstrapiramidal"
72,Suprabiotic,Tetracycline 500 mg.,Mengobati berbagai macam infeksi termasuk jerawat.,"Infeksi yang rentan Dewasa: 250-500 mg tiap 6 jam. Dosis dan lamanya pengobatan bervariasi tergantung pada jenis infeksinya. Anak: lebih dari 8 tahun 25-50 mg/kg BB/hari, dalam dosis terbagi tiap 6 jam. Jerawat vulgaris, Rosacea Dewasa: 250-500 mg setiap hari sebagai dosis tunggal atau terbagi selama minimal 3 bulan. Brucellosis Dewasa: 500 mg 4 kali sehari selama 3 minggu dikombinasikan dengan streptomisin. Uretritis nongonokokal, Infeksi genital tanpa komplikasi akibat Chlamydia trachomatis, Gonore tanpa komplikasi Dewasa: 500 mg 4 kali sehari selama 7 hari. Sipilis Dewasa: 500 mg 4 kali sehari. Durasi pengobatan: 15 hari untuk sifilis dini (durasi 1 tahun (kecuali neurosifilis). Epididymo-orchitis Dewasa: 500 mg 4 kali sehari selama 10 hari.","Perubahan warna gigi permanen pada anak, hiperpigmentasi jaringan pada anak"
73,Alletrol,"dexamethasone sodium phosphate 1 mg; neomycin sulfate setara dengan neomycin base 3,5 mg; polymixin b sulfate 6000 IU","peradangan pada mata yang disertai dengan infeksi bakteri - chronic anterior uveitis dan luka pada kornea yang disebabkan oleh bahan kimia, radiasi, iritasi termis dan penetrasi benda-benda asing - inflamasi okuler dari palpebrat dan bulbar conjunctiva, kornea dan anterior segment","Dosis awal 1 atau 2 tetes setiap jam pada siang hari dan tiap 2 jam pada malam hari. Jika telah memberikan respon yang baik, dosis dikurangi menjadi 1 tetes setiap 4 jam. untuk mengontrol gejala, dosis dikurangi menjadi 1 tetes 3 atau 4 kali sehari",-
74,Aditusin,Chlorphenamine maleate 2 mg dan Dextromethorphan hydrobromide 10 mg,Aditusin digunakan untuk mengobati batuk yang disertai dengan pilek dan alergi.,"Dewasa: 1-2 tablet, diberikan 3 kali sehari. Anak usia 6-12 tahun: 1/2-1 tablet, diberikan 3 kali sehari. Anak usia 2-6 tahun: 1/4–1/2 tablet, diberikan 3 kali sehari.","Efek samping yang mungkin timbul selama penggunaan Aditusin adalah: Nyeri perut, diare, gangguan pencernaan, mual, muntah, Pusing, kantuk, kejang, Insomnia, keadaan bingung, Depresi pernapasan."
75,Amlogal,Tiap tablet mengandung: Amlodipine Besylate 5 mg,Diindikasikan untuk pengobatan lini pertama hipertensi dan dapat digunakan sebagai agen tunggal untuk mengontrol tekanan darah pada sebagian besar pasien.,"Dewasa: Hipertensi dan angina: Dosis awal 1 x sehari 5 mg, dapat ditingkatkan hingga dosis max.10 mg. Anak, usia 6-17 tahun: Dosis awal 1 x sehari 2,5 mg , dapat ditingkatkan menjadi 5 mg sekali sehari setelah interval 4 minggu sesuai dengan respons klinis. Lansia: Dosis awal 2,5 mg sekali sehari.","Efek samping yang mungkin terjadi dalam penggunaan obat adalah: Sakit kepala, pusing, mengantuk, debaran jantung, sakit perut, mual, edema, kelelahan. Pasien (6-17 thn): Vasodilatasi, epistaksis, kelemahan."
76,Alodan,Tiap tablet mengandun: Allopurinol 100 mg,Hiperurisemia primer: gout. Hiperurisemia sekunder: mencegah pengendapan asam urat dan kalsium oksalat. Produksi asam urat yang berlebihan antara lain disebakan karena polisitemia vera dan terapi sitostatik.,Dosis awal 100 -300 mg/hari. Kondisi sedang: 300 - 600 mg/hari. Kondisi berat: 700 - 900 mg/hari. Dosis tunggal maksimum 300 mg.,"Efek samping yang mungkin terjadi dalam penggunaan obat adalah: Hipersensitivitas. Gangguan kulit dan jaringan subkutan: pruritus, urtikaria, alopecia. Gangguan gastrointestinal: Mual, muntah, diare, sakit perut, dispepsia, kehilangan indera perasa, gastritis. Mengantuk. Sakit kepala"
77,Bacbutinh,"Ethambutol HCl 250 mg, INH 100 mg, Vitamin B6 5 mg",Pengobatan TB pulmoner dan ekstrapulmoner,Terapi awal dan profilaksis: ethambutol 15 mg/KgBB/hari dosis tunggal dengan INH 300 mg/hari. Terapi ulangan sesudah 2 bulan fase awal: ethambutol 25mg/kgBB/hari dosis tunggal dengan INH 300 mg/hari.,"Neuritis retrobulbar dengan penurunan daya penglihatan, skotoma sentral, buta warna hijau-merah, ruam alergi, gangguan gastrointestinal, gangguan saraf pusat, hiperurisemia."
78,Berzymplex,"Berzymplex mengandung beberapa zat aktif seperti di bawah ini, yaitu:    Pancreatin 112.5 mg  Dimethylpolysiloxane 25 mg Ox bile 30 mg Vitamin B6 5 mg   thiamin AtauVitamin B1  10 mg Vitamin B2 5 mg  niacinamide 10 mg Ca pantothenate 5 mg dan juga mengandung vitamin B12 5 mcg","mengatasi berbagai macam kondisi seperti di bawah ini:  Perut kembung,   Mual dan juga muntah, Nyeri yang terjadi pada ulu hati, Serta juga bisa anda gunakan untuk membantu melancarkan buang air besar",·         Dosis yang diberikan untuk orang dewasa yakni sebanyak satu sampai dengan 2 tablet dan dikonsumsi sebanyak 3 kali dalam sehari. Sementara untuk dosis yang diperbolehkan dikonsumsi oleh anak-anak yaitu sebanyak 1 tablet dan dikonsumsi sebanyak 2 sampai tiga kali atau disesuaikan dengan anjuran dari dokter anda.,"·         Efek samping dari penggunaan obat Berzymplex adalah seperti mual, muntah, atau juga bisa menyebabkan perut anda terasa kurang enak."
79,Berlosid,"Al(OH)3 261.4 mg, Mg(OH)2 200 mg, dimethicone 40 mg","Kelebihan asam lambung, tukak lambung, gastritis, tukak usus duabelas jari","Anak 6 - 12 tahun : sehari 4 1/2 tablet atau 1/2 sendok suspensi, 1 - 2 jam sebelum makan atau sebelum tidur; dewasa, 4 kali sehari 1 tablet atau 1 sendok sebelum makan dan sebelum tidur","Berkurangnya kepadatan tinja, menganggu penyerapan asam folat dan zat besi"
80,Bidium,Loperamida HCI 2 mg,"diare non spesifik, diare kronik",Diare non spesifik: 2-4 mg 1-2 kali sehari. Diare kronik: 4-6 mg sehari,"mual, gangguan kulit, letih, mulut kering"
81,Catapres,Clonidine HCl 150 mcg,Hipertensi,75-150mcg per hari,"Efek samping yang mungkin terjadi dalam penggunaan obat adalah: Mulut kering dan sedasi, mual, muntah, pusing, impotence, penurunan libido"
82,Coric,Allopurinol 100 mg,Hiperurisemia primer: gout  Hiperurisemia sekunder: mencegah pengendapan asam urat dan kalsium oksalat.,"Dewasa: Awalnya, 100 mg setiap hari, disesuaikan dengan penambahan 100 mg setiap 2-4 minggu sesuai dengan konsentrasi serum urat. Pemeliharaan: 100-200 mg setiap hari (ringan); 300-600 mg setiap hari (cukup parah); 700-900 mg setiap hari (berat). Maks: 900 mg setiap hari. Dosis> 300 mg setiap hari harus diminum dalam dosis terbagi. Anak: Dalam hiperuremia yang berhubungan dengan gangguan enzim","Mual, Muntah, Lelah, Sakit kepala, Ruam kulit, Depresi, Diare, Vertigo, Mengantuk, Gangguan daya penglihatan."
83,Dextral forte,"Dextromethorphan HBr 15 mg, glyceryl guaiacolate 75 mg, phenylpropanolamine HCl 15 mg, chlorpheniramine maleate 2 mg",Untuk meringankan batuk dan pilek.,Dewasa: 3 kali sehari 1 kaplet. Anak-anak 6 – 12 tahun: 3 kali sehari ½ kaplet.,"Obat ini dapat menyebabkan kantuk, gangguan pencernaan, gangguan psikomotor, takikardia, aritmia, mulut kering, palpitasi, retensi urine."
84,Diaramid,Loperamide HCL 2 mg,"Diaramid digunakan untuk mengobati gejala diare. Gejala fases cair, mual muntah, sakit kepala, sakit pada bagian perut","Dosis awal pemakaian dewasa: 2 tablet Dosis selanjutnya: 1 tablet, dengan maksimal pemakaian 3x sehari Sebaiknya obat dikonsumsi setelah buang air besar.","Efek samping penggunaan Diaramid yang mungkin terjadi adalah: Pusing, Terasa lemas, Menyebabkan kantuk, Menyebabkan konstipasi/sembelit, Kembung, Mual dan muntah, Gangguan pada pencernaan."
85,Dexicotra,Dexamethasone 0.5 mg.,"Dexicorta digunakan untuk meredakan peradangan yang disebabkan oleh penyakit reumatik, dapat di gunakan untuk meredakan alergi, terapi insufisensi adrenal, dan terapi pendamping untuk asma.",Dewasa: dosis awalnya: di berikan dosis 0.5-9 mg setiap hari dalam dosis terbagi. Maksimal: 1.5 mg setiap hari. Dosis bersifat individual dan disesuaikan tergantung pada penyakit yang dirawat dan respons pasien. Anak: Dosis awal: 0.02-0.3 mg / kg berat badan setiap hari dalam 3-4 dosis terbagi. Dosis tergantung pada tingkat keparahan penyakit dan respons pasien.,"Efek samping yang mungkin terjadi selama penggunaan obat Dexicorta, antara lain Moon Face atau bengkak pada wajah, Gangguan saluran cerna, Diabetes melitus, Hipertensi, Nafsu makan meningkat, Osteonekrosis (proses kematian pada tulang yang juga menyebabkan gangguan dari suplai pembuluh darah tulang)"
86,Freedol,Asam Mefenamat 500 mg,"Freedol digunakan untuk mengurangi nyeri ringan hingga sedang seperti sakit gigi, nyeri haid, nyeri pasca trauma (terjatuh atau terbentur), nyeri otot, sakit kepala.",Dewasa dan anak-anak usia diatas 14 tahun: Dosis Awal 500 mg tiga kali sehari.,"Efek samping yang mungkin terjadi selama penggunaan Freedol antara lain mual, diare, pusing, muntah, rasa mengantuk, sakit kepala, perdarahan lambung."
87,Farmoten,Captopril 25 mg,"Hipertensi ringan sampai berat, gagal jantung","Dewasa : Untuk hipertensi : awal 12.5-25 mg 2-3 kali/hari. Dosis dapat ditingkatkan menjadi 50 mg 2-3 kali/hari, bila setelah 2 minggu belum terlihat penurunan TD yang adekuat. Untuk hipertensi ringan-sedang : maksimal 150 mg/hari. Untuk hipertensi berat : maksimal 450 mg/hari. Untuk gagal jantung : 12.5-25 mg 3 kali/hari, sebaiknya dimulai 12.5 mg 3 kali/hari.","Efek samping yang mungkin terjadi dalam penggunaan obat adalah: Hipotensi ortostatik, takikardia, kardiomiopati hipertropik, sakit Ruam, pruritus, muka kemerahan, batuk kering, kehilangan persepsi pengecapan, proteinuria, batuk"
88,Forten,Captopril 12.5 mg; Captopril 25 mg; Captopril 50 mg,Forten digunakan sebagai obat terapi hipertensi.,"Hipertensi: Dewasa: Awalnya, 25-75 mg setiap hari dalam 2-3 dosis terbagi. Dosis individual sesuai dengan respon klinis dan dapat ditingkatkan setelah setidaknya 2 minggu, menjadi 100-150 mg setiap hari dalam 2-3 dosis terbagi sesuai kebutuhan. Pasien dengan diuretik atau dengan dekompensasi jantung:Pada awalnya, 6.25 mg atau 12.5 mg diminum 2 kali sehari. Anak: Bayi baru lahir dan bayi: 0.15 mg / kg berat badan. Anak-anak dan remaja: 0.3 mg / kg berat badan. Semua dosis diberikan sesuai dengan respons atau berdasarkan respons pasien. Lansia: Awalnya, 6.25 mg diminum 2 kali sehari.","Efek samping penggunaan Forten yang mungkin terjadi adalah: Ruam, pruritus (rasa gatal seluruh tubuh), Kemerahan, Proteinuria (urin mengandung jumlah protein yang tidak normal), Sesak, Trombositopenia (jumlah trombosit kurang dari normal), Gangguan atau gagal ginjal, Mual, muntah, Diare, sembelit, Mulut kering,  Ketidaknyamanan uluhati, Nyeri perut, Tukak lambun"
89,Gludepatic,Metformin HCl 500 mg,erapi awal untuk diabetes dewasa dengan keadaan kelebihan berat badan serta kadar gula darah yang tidak dapat dikendalikan hanya dengan diet saja. Terapi kombinasi untuk kegagalan terapi Sulfonilurea primer atau sekunder. Terapi tambahan pada insulin-dependent diabetes mellitus (IDDM) atau diabetes tipe 1 untuk mengurangi dosis insulin.,Dosis awal: Sehari 2 x 500 mg atau 2 x 850 mg. Dosis dapat ditingkatkan sesuai dengan respon pasien. Dosis maksimal 3000 mg/hari dalam 3 dosis terbagi. Dosis pemeliharaan: Sehari 2 x 850 mg.,"noreksia, mual, muntah, daire. Berkurangnya absorpsi vitamin B12. Mialgia, kepala terasa ringan. Ruam kulit. Keringat berlebihan, dan gangguan daya pengecapan."
90,Hufanoxil,Amoxicillin 500 mg.,"Hufanoxil di gunakan untuk mengobati infeksi yang disebabkan oleh bakteri, seperti infeksi saluran pernafasan bagian bawah dan infeksi pada telinga, hidung dan tenggorokan yang disebabkan oleh Streptococci, Pneumococci, Staphylococci non penicilinase dan H Influenzae, infeksi pada traktus Genitourinary yang disebabkan oleh E coli, Proteus mirabilis, dan Streptococcus faecalis, gonorrhoea acute tidak terkomplikasi, infeksi ano-genital dan urethral yang disebabkan oleh N gonorrhoea.","Dewasa: diminum 3 x sehari dengan dosis 250 mg, jika infeksi berat di berikan dosis 500 mg. Anak usia  Anak dengan berat badan < 20 kg: dosis 20-40 mg/kg berat badan perhari. Khusus gonorrhoea untuk dewasa: di berikan dosis 3 g dalam dosis tunggal sering ditambahkan probenecid 1 gram.",Efek samping penggunaan Hufanoxil yang mungkin terjadi adalah: Mual dan muntah. Diare. Urtikaria/biduran. Kolestatis (berkurangnya atau terhentinya aliran empedu). Kristaluria (keadaan dimana urin atau kencing kita mengandung kristal-kristal). Anemia (berkurangnya jumlah sel darah merah atau kandungan hemoglobin didalam darah). Trombositopenia (penurunan jumlah platelet dalam darah di bawah batas minimal). Eosinofilia (tingginya rasio eosinofil di dalam plasma darah). Leukopenia (rendahnya jumlah total sel darah putih/leukosit dibanding nilai normal) Agranulositosis (Sel darah putih dapat berkurang akibat infeksi dari patogen khususnya mikroorganisme).
91,Lexahist,Cyproheptadine Hydrochloride 4 mg,Manifestasi alergi di kulit / pada urtikaria dan angioderma; Cold urticaria; Alergi rhinitis; Vasomotor rhinitis,PENGGUNAAN OBAT INI HARUS SESUAI DENGAN PETUNJUK DOKTER.,-
92,Lapistan,Asam Mefenamat 500 mg,"Meredakan nyeri ringan hingga sedang pada sakit kepala, sakit gigi, nyeri haid primer, nyeri reumatik, nyeri otot, dan nyeri paska operasi","Dewasa dosis Awal 500 mg, dilanjutkan 250 mg tiap 6 jam, bila perlu.","Gangguan GI, mengantuk, hipertensi"
93,Loperamide,Loperamide HCl 2 mg,Diare akut non spesifik & diare kronik,Dewasa : awal 2 tablet kemudian 1 tablet setiap habis defekasi. Maksimal : 8 tablet/hari. Anak >8 tahun : Awal : 1 tablet kemudian sesuai kebutuhan. Maksimal : 4-6 tablet/hari.,"Sembelit, kram perut, pusing, kantuk, mual, muntah, dan mulut kering."
94,Madrox,"Al hidroksida 250 mg, Mg Hidroksida 250 mg, Simetikon 50 mg","Madrox digunakan untuk meredakan gejala hipersekresi lambung, tukak usus duabelas jari, seperti mual, sakit perut, nyeri ulu hati, perut kembung.","Anak-anak usia 6-12 tahun: 1 tablet kunyah, diminum 3-4 kali sehari. Dewasa dan anak usia > 12 tahun: 1-2 tablet kunyah, diminum 3-4 kali sehari.","Efek Samping yang mungkin terjadi adalah:  Sembelit, Diare, Mual dan muntah."
95,Norvom,Metoclopramide HCl 10 mg.,Norvom digunakan untuk mempercepat pengosongan lambung dan mencegah mual dan muntah pasca operasi dan kemoterapi.,"Mencegah Mual dan Muntah Dosis: 3 x sehari 10 mg. Durasi maksimal: 5 hari.Diabetes stasis lambung. Dewasa: 10 mg 4 kali sehari selama 2-8 minggu. Penyakit refluks gastroesofagus. Dewasa: 10-15 mg 4 kali sehari, tergantung keparahan gejala. Jika gejalanya intermiten, dapat memberikan dosis tunggal 20 mg sebelum situasi memprovokasi. Durasi maksimum: 12 minggu. Lansia: 5 mg / dosis.","Gangguan konduksi jantung, Bingung, gemetar, dan halusinasi,  Pusing, Kantuk, Jarang: depresi dengan keinginan bunuh diri, Hipotensi atau tekanan darah rendah, hipertensi atau tekanan darah tinggi,  Gangguan saluran pencernaan, Gangguan penglihatan,  Frekuensi dan inkontinensia urin, Sakit kepala, Reaksi hipersensitivitas (ruam, bronkospasme, angioedema),  Peningkatan sementara konsentrasi plasma aldosteron,  Gelisah"
96,Novapyron,"Methampyron 500 mg, vitamin B1 50 mg, vitamin B6 100 mg, vitamin B12 100 mcg","Novapyron digunakan untuk meringankan rasa nyeri yang disebabkan oleh neuritis, terutama pada keadaan sakit yang berat.",Dewasa: 3 kali sehari 1 kaplet. Maksimal 4 kaplet sehari.,"Efek samping yang mungkin terjadi selama mengonsumsi obat Novapyron adalah agranulositosis, yakni sumsum tulang gagal membentuk granulosit"
97,Orphen,Chlorpheniramine maleate 4 mg,"Pilek, urticaria (gatal-gatal atau biduran), seasonal hayfever, rhinitis, penyakit serum, pengaruh pemakaian obat-obatan seperti sulfa atau penicillin.","Dewasa 1 kaplet 3-4 x perhari. Anak 6-12 tahun 1/2 kaplet 3-4 x perhari, 2-6 tahun 1/2 kaplet 3-4 x perhari.","Sedasi, gangguan GI, efek antimuskarinik, hipotensi, kelemahan otot, tinitus, euforia, sakit kepala. Stimulasi SSP, reaksi alergi, gangguan darah."
98,Ramabion,"Manganese sulfat 0.4 mg, Ferro gluconat 250 mg, Copper sulfat 0.4 mg, Vitamin C 50 mg, Folic acid 2 mg dan Vitamin B12 15 mcg",Segala jenis anemia,Sehari 1 x 1 tablet,-
99,Panvit C,"Vitamin C 500 mg, Vitamin B1 Mononitrate 50 mg, Vitamin B2 25 mg, Vitamin B3 50 mg, Vitamin B5 20 mg, Vitamin B6 HCl, Viitamin B12 5 mcg.",Suplementari Vitamin C dan Vitamin B kompleks,Sehari 1 kali 1 kaplet.,-
100,Konilife redaxin,Red Yeast Rice 600 mg,Membantu menurunkan kadar kolesterol dan trigliserid,Dewasa : 2 kali per hari 2 kapsul,-
101,Tera F,"Paracetamol 650 mg, Glyceryl guaiacolate 50 mg, Phenylpropanolamine HCL 15 mg, Chlorpheniramine maleate 2 mg","Untuk meringankan gejala flu berat, seperti demam, sakit kepala, hidung tersumbat, dan bersin-bersin yang disertai batuk.","Dewasa dan anak > 12 tahun: 1 kaplet, 3 - 4 kali sehari","Mengantuk, Gangguan pencernaan, Gangguan psikomotor, Mulut kering, Retensi urine, Takikardia (denyut jantung lebih cepat ), Aritmia (denyut jantung tidak beraturan)"
102,Calortusin,"Tiap 5 ml mengandung paracetamol 120 mg, phenylpropanolamine HCl 3.75 mg, chlorpheniramine maleate 0.5 mg, dextromethorphan 5 mg, alkohol 0.5 ml","Untuk meredakan gejala flu seperti demam, bersin-bersin, hidung tersumbat, sakit kepala, yang disertai batuk.","Anak-anak usia 6-12 tahun: diminum 3 kali sehari, ½ kaplet. Dewasa: diminum 3 kali sehari, 1 kaplet.",rasa mengantuk gangguan pencernaan bibir terasa kering kesulitan buang air kecil dan gangguan psikomotor takikardia aritmia
103,Natrium Diklofenak Tablet,Natrium diklofenak 25 mg; natrium diklofenak 50 mg; natrium diklofenak 75 mg; natrium diklofenak 100 mg,Natrium Diklofenak adalah mengatasi berbagai kondisi nyeri dan radang,Dewasa: dosis 50 mg yang diminum 2 – 3 kali sehari. Anak >14 tahun: dosis 25 mg yang diminum 3 kali sehari; atau dosis 50 mg yang diminum 2 kali sehari.,"Iritasi, gatal, rasa terbakar dan reaksi alergi lainnya Gangguan pencernaan, seperti mual, muntah, diare, tukak lambung, sembelit, sakit perut, perut kembung Pusing Sakit kepala Anemia Rasa perih dan panas"
104,Spasminal,Methampyrone 500 mg; papaverin HCl 25 mg; Belladonna extract 10 mg,Untuk meringankan rasa nyeri yang disertai spasme (kejang otot).,"Dewasa: apabila nyeri 1 tablet. Berikutnya, 1 tablet setiap 6 - 8 jam. Maksimum 4 tablet sehari Anak: disesuaikan dengan resep dokter, tergantung kondisi pasien","Gatal dan ruam Pembengkakan pada wajah, mulut dan lidah Serangan asma "
105,Salbutamol Tablet,"mencegah sekaligus mengatasi gangguan otot bronkus berupa penyempitan saluran udara (bronkospasme) yang dapat menyebabkan kekambuhan dan perburukan gejala pada pasien dengan penyakit, Asma, Bronkitis kronis, Emfisema","Dewasa dan anak usia diatas 12 tahun: 2-4 mg diberikan 3 sampai 4 kali sehari. Dosis maksimal: 8 mg diberikan 3 sampai 4 kali sehari. Anak usia 2-6 tahun: 1-2 mg diberikan 3 sampai 4 kali sehari. Anak usia 6-12 tahun: 2 mg diberikan 3 sampai 4 kali sehari. Lanjut usia (lansia): dosis awal 2 mg diberikan 3 sampai 4 kali sehari, kemudian dapat ditingkatkan sesuai dengan respon pasien","Dewasa: apabila nyeri 1 tablet. Berikutnya, 1 tablet setiap 6 - 8 jam. Maksimum 4 tablet sehari Anak: disesuaikan dengan resep dokter, tergantung kondisi pasien","Sakit kepala, Kantuk, Kelemahan Gangguan mood (seperti mudah marah, gelisah dan gugup)."
106,Attalpugite,attapulgite 600 mg,untuk meredakan dan mengatasi diare,"Dewasa: berikan dosis awal 2 tablet sesudah diare pertama. Untuk dosis lanjutan, berikan 2 tablet setiap sesudah buang air besar (diare) Anak usia >12 tahun: dosis sama untuk usia dewasa, atau sesuai instruksi dokter Anak usia 6-12 tahun: dosis umum ½ dari dosis usia dewasa. Dosis maksimal 6 tablet per hari, atau sesuai instruksi dokter","Sembelit Terasa sesak di dada Ruam kulit Susah bernapas Bengkak di bagian wajah, mulut, bibir atau lidah"
107,Cetirizine,Sediaan tablet mengandung Cetirizine 10 mg,mengatasi gejala alergi,"untuk orang dewasa sebanyak 1 tablet, yang diminum 1 kali sehari atau ½ tablet, diminum 2 kali sehari.",Rasa kantuk Sulit tidur Rasa lelah Pusing dan sakit kepala Radang tenggorokan Nyeri lambung diare Batuk berdarah Penyempitan saluran napas Mual dan muntah Mulut kering 
108,Miconazole,Miconazole Nitrate 2%.,untuk mengobati kondisi kulit yang terinfeksi jamur.,Oleskan Miconazole secukupnya pada bagian kulit yang terinfeksi sebanyak 2 sampai 3 kali sehari. Sesuai aturan dokter.,Iritasi Sensasi kulit terbakar gatal-gatal Ruam kul 
109,Vitamin B Complex,"Vitamin B1 2 mg, vitamin B2 2 mg, vitamin B6 2 mg, calcium pantothenate 10 mg, nicotinamide (20 mg)",Vitamin B Kompleks IPI digunakan untuk membantu memenuhi kebutuhan vitamin B kompleks. Manfaat Vitamin B Kompleks IPI lainnya adalah: •	menjaga kesehatan tubuh •	mengurangi risiko glaukoma •	meningkatkan nafsu makan •	bantu fungsi sistem saraf •	membantu perbaikan jaringan tubuh•	membantu perkembangan janin•	regenerasi sel darah merah •	memperbaiki kesehatan kulit •	bantu pembentukan glikogen •	berperan dalam kesuburan wanita •	membantu metabolisme karbohidrat •	pertumbuhan sel sumsum tulang •	menurunkan risiko Alzheimer ,"Dosis Vitamin B Kompleks IPI untuk dewasa tergantung pada kondisi. Biasanya dikonsumsi 1-2 tablet sehari. Untuk anak, sebaiknya konsultasikan dengan dokter.","Vitamin B kompleks jika dikonsumsi berlebih dapat menyebabkan gangguan pada lambung, seperti nyeri lambung."
110,Atorvastatin,"Atorvastatin 10 mg, 20 mg, 40 mg",membantu menurunkan kadar kolesterol dan trigliserida (lemak) pada orang dewasa dan anak di atas 10 tahun.,"Dewasa: Dosis awal diberikan dosis 10–20 mg sekali sehari. Dosis dapat disesuaikan dengan jarak waktu 4 minggu. Dosis dapat ditingkatkan hingga 40 mg sekali sehari. Maksimal dosis: 80 mg /hari. Anak usia 10–17 tahun: Diberikan dosis 10 mg, diminum sekali sehari. Dosis dapat ditingkatan dengan jarak waktu 4 minggu maksimal 20 mg per hari atau sesuai dengan petunjuk dokter. ","Sakit kepala, Perut kembung, sembelit, dispepsia (nyeri perut bagian atas), mual dan muntah, diare, serta anoreksia (gangguan penurunan nafsu makan yang berlebihan) Nyeri pada ekstremitas (tulang anggota gerak seperti lengan dan kaki), muskuloskeletal (sendi), dan pharyngolaryngeal (tenggorokan dan pita suara) Miopati (otot melemah bahkan lumpuh), kejang otot, mialgia (nyeri otot), dan artralgia (nyeri sendi) Nasopharyngitis (radang tenggorokan) Insomnia (kesulitan tidur) Infeksi saluran kemih (ISK) "
111,Histigo,Betahistine mesylate 6 mg,"Manfaat Histigo adalah untuk mengobati vertigo, tinnitus, dan gangguan pendengaran yang terkait dengan penyakit meniere.","Dosis 1-2 kaplet, yang diminum 3 kali sehari","ruam kulit dan pruritus (gatal di tubuh) urtikaria (biduran) mual sakit kepala kebingungan mengantuk kejang hipotensi takikardia (denyut jantung cepat) perut kembung ulkus peptikum (kerusakan pada lapisan mukosa, submucosa, sampai lapisan otot saluran cerna akibat aktivitas pepsin dan asam lambung yang berlebihan)dyspnea (kesulitan bernapas atau napas terasa berat)"
112,Dimenhydrinate,Dimenhydrinate 50 mg.,"untuk mencegah mual, muntah, dan mabuk dalam perjalanan.","Dewasa dan anak di atas 14 tahun: 1 tablet, diminum 1/2 jam sebelum perjalanan, bila perlu dapat diulang tiap 4 jam. Anak 8-12 tahun: 1/2 tablet, diminum 1/2 jam sebelum perjalanan, bila perlu dapat diulang tiap 4 jam. Anak 5-8 tahun: 1/4 tablet, diminum 1/2 jam sebelum perjalanan, bila perlu dapat diulang tiap 4 jam.",Mengantuk. Sakit kepala. Gangguan koordinasi. Gangguan psikomotor. Mulut kering. Pandangan kabur. Peningkatan refluks lambung.
113,Domperidone,domperidone 10 mg,Domperidone bermanfaat untuk meredakan mual dan muntah,"Dewasa: 10-20 mg, tiap 4-8 jam, periode pengobatan maksimal 12 minggu Anak (hanya pada mual dan muntah akibat sitotoksik atau radioterapi): 200-400 mcg/kg BB tiap 48 jam",Mulut kering Amenorea (wanita tidak menstruasi) Naiknya kadar prolaktin (tergantung dosis) yang bisa sebabkan galaktorea (kondisi bocor air susu dari payudara) Ginekomastia atau pembengkakan jaringan payudara laki-laki Nyeri payudara Retensi urine
114,Ondansetron,ondansetron hcl dihydrate 4 mg; 8 mg,pencegahan mual dan muntah setelah kemoterapi,Dewasa 8 mg dua kali sehari digunakan hingga 5 hari.,Bradikardia (denyut jantung di bawah normal) Hipotensi Aritmia (gangguan irama jantung) Hipoksia (kekurangan oksigen) Peningkatan sementara enzim hati Sakit kepala Sembelit Sensasi terbakar pada kepala dan ulu hati (epigastrium) Mengantuk Diare Nyeri dada Penglihatan kabur sementara Perubahan EKG 
115,Cendo Lyteers,"Sodium Chloride 4.4 mg, Kalium Chloride 0.8 mg",digunakan untuk membantu melumasi mata kering akibat iritasi.,"Teteskan 1-2 tetes Cendo Lyteers pada mata, sebanyak 3 sampai 4 kali sehari.",Rasa gatal Rasa nyeri sementara 
116,Cendo Cenfresh,Carboxymethylcellulose sodium 5 mg/ml,Cendo Cenfresh digunakan untuk membantu mengurangi gejala mata kering dan iritasi ringan.,"Dewasa: Teteskan 1–2 tetes Cendo Cenfresh pada mata yang sakit, sebanyak 3–4 kali sehari atau sesuai dengan kebutuhan.",Hipersensitif (alergi) Iritasi Gatal Tekanan intraokular meningkat Rasa terbakar Dermatitis (peradangan kulit)
117,Microlax,"Sodium lauryl sulfoacetate 0.045 gram, Sodium citrate 0.450 g, Sorbitol 4.465 gram Polyethylene Glycol 400 0.625 gram ","Microlax digunakan untuk melunakkan feses sehingga membantu melancarkan proses buang air besar, serta mengosongkan usus.","Untuk anak di atas 3 tahun dan dewasa, beri 1 tube dengan memasukkan pipa aplikator seluruhnya pada rektum/anus. Untuk anak < 3 tahun, beri ½ tube (2.5 mL) pada rektum/anus.",Belum pernah ada laporan adanya efek samping. Penggunaan berlebih dapat menyebabkan diare dan kekurangan cairan.
118,Dulcolax,Bisacodyl 5 mg,"Dulcolax sebagai pencahar digunakan untuk mengatasi susah buang air besar, serta pembersihan usus sebelum prosedur radiologi atau bedah.",Dewasa: 1 – 2 tablet sebagai dosis tunggal per hari diminum sebelum tidur. Dosis maksimal 4 tablet per hari atau 1 suppositoria 10 mg per hari Anak 6 - 12 tahun: ½ - 1 tablet sebagai dosis tunggal per hari diminum sebelum tidur. Anak >4 – 10 tahun: 1 suppositoria 5 mg per hari.,"Gangguan saluran cerna (kram dan nyeri abdomen, diare) Reaksi alergi Hipokalemia"
119,Gentamicin Salep,"gentamicin 0,1%","Meningitis, ventriculitis, dan infeksi susunan saraf pusat lainnya.",Dewasa: 3-4 kali sehari oleskan tipis ke area yang terkena dampak infeksi setelah dibersihkan terlebih dahulu Anak: sama dengan dosis dewasa,"Kejang-kejang. Kedutan, ketegangan, atau kontraksi otot. Mati rasa atau perasaan geli."
120,Kloramfenikol Salep,setiap gram salep mengandung 10 mg chloramphenicol,Mengobati infeksi kulit akibat bakteri seperti:• luka bernanah kecil• bisul (furunkel)• luka gores yang terinfeksi• koreng (impetigo)• infeksi kulit ringan akibat bakteri Staphylococcus aureus atau Streptococcus,"Oleskan tipis-tipis pada area kulit yang terinfeksi 2–3 kali sehari, tergantung tingkat keparahan. Sebaiknya area luka dibersihkan dulu pakai air bersih / NaCl sebelum dioles. Lama pemakaian: maksimal 5–7 hari, jangan lebih tanpa petunjuk dokter","(gatal, merah, perih)•	Reaksi alergi lokal•	Penggunaan lama bisa menyebabkan sensitisasi kulit•	Jarang banget, tapi kalau diserap banyak bisa ganggu sistem darah (anemia aplastik)"
